CID	CNTRY
AW-00012579	Australia
AW-00012580	Australia
AW-00012581	Australia
AW-00012582	Australia
AW-00012583	Australia
AW-00012584	Australia
AW-00012585	Australia
AW-00012586	Australia
AW-00012587	Australia
AW-00012588	Australia
AW-00012589	Australia
AW-00012590	United Kingdom
AW-00012591	DE
AW-00012592	United Kingdom
AW-00012593	United Kingdom
AW-00012594	United Kingdom
AW-00012595	United Kingdom
AW-00012596	United Kingdom
AW-00012597	United Kingdom
AW-00012598	United Kingdom
AW-00012599	United Kingdom
AW-00012600	DE
AW-00012601	United Kingdom
AW-00012602	United Kingdom
AW-00012603	United Kingdom
AW-00012604	DE
AW-00012605	DE
AW-00012606	France
AW-00012607	France
AW-00012608	United Kingdom
AW-00012609	United Kingdom
AW-00012610	United Kingdom
AW-00012611	United Kingdom
AW-00012612	United Kingdom
AW-00012613	France
AW-00012614	France
AW-00012615	United Kingdom
AW-00012616	DE
AW-00012617	DE
AW-00012618	France
AW-00012619	United Kingdom
AW-00012620	France
AW-00012621	France
AW-00012622	United Kingdom
AW-00012623	United Kingdom
AW-00012624	DE
AW-00012625	France
AW-00012626	United Kingdom
AW-00012627	United Kingdom
AW-00012628	France
AW-00012629	DE
AW-00012630	United Kingdom
AW-00012631	France
AW-00012632	France
AW-00012633	United Kingdom
AW-00012634	United Kingdom
AW-00012635	France
AW-00012636	DE
AW-00012637	United Kingdom
AW-00012638	DE
AW-00012639	France
AW-00012640	United Kingdom
AW-00012641	France
AW-00012642	France
AW-00012643	DE
AW-00012644	United Kingdom
AW-00012645	United Kingdom
AW-00012646	DE
AW-00012647	United Kingdom
AW-00012648	United Kingdom
AW-00012649	France
AW-00012650	France
AW-00012651	France
AW-00012652	United Kingdom
AW-00012653	United Kingdom
AW-00012654	United Kingdom
AW-00012655	France
AW-00012656	France
AW-00012657	DE
AW-00012658	United Kingdom
AW-00012659	France
AW-00012660	France
AW-00012661	France
AW-00012662	France
AW-00012663	France
AW-00012664	United Kingdom
AW-00012665	Australia
AW-00012666	Australia
AW-00012667	Australia
AW-00012668	Australia
AW-00012669	Australia
AW-00012670	Australia
AW-00012671	Australia
AW-00012672	Australia
AW-00012673	Australia
AW-00012674	Australia
AW-00012675	Australia
AW-00012676	Australia
AW-00012677	Australia
AW-00012678	Australia
AW-00012679	Australia
AW-00012680	Australia
AW-00012681	Australia
AW-00012682	Australia
AW-00012683	Australia
AW-00012684	Australia
AW-00012685	Australia
AW-00012686	Australia
AW-00012687	Australia
AW-00012688	Australia
AW-00012689	Australia
AW-00012690	Australia
AW-00012691	Australia
AW-00012692	Australia
AW-00012693	Australia
AW-00012694	Australia
AW-00012695	Australia
AW-00012696	Australia
AW-00012697	Australia
AW-00012698	Australia
AW-00012699	Australia
AW-00012700	Australia
AW-00012701	Australia
AW-00012702	Australia
AW-00012703	Australia
AW-00012704	Australia
AW-00012705	Australia
AW-00012706	Australia
AW-00012707	US
AW-00012708	US
AW-00012709	US
AW-00012710	Canada
AW-00012711	France
AW-00012712	DE
AW-00012713	DE
AW-00012714	DE
AW-00012715	Australia
AW-00012716	France
AW-00012717	France
AW-00012718	France
AW-00012719	France
AW-00012720	France
AW-00012721	DE
AW-00012722	DE
AW-00012723	France
AW-00012724	DE
AW-00012725	DE
AW-00012726	DE
AW-00012727	France
AW-00012728	DE
AW-00012729	United Kingdom
AW-00012730	United Kingdom
AW-00012731	DE
AW-00012732	France
AW-00012733	United Kingdom
AW-00012734	France
AW-00012735	DE
AW-00012736	DE
AW-00012737	France
AW-00012738	DE
AW-00012739	United Kingdom
AW-00012740	United Kingdom
AW-00012741	DE
AW-00012742	DE
AW-00012743	United Kingdom
AW-00012744	United Kingdom
AW-00012745	United Kingdom
AW-00012746	United Kingdom
AW-00012747	DE
AW-00012748	France
AW-00012749	France
AW-00012750	France
AW-00012751	DE
AW-00012752	France
AW-00012753	France
AW-00012754	France
AW-00012755	US
AW-00012756	US
AW-00012757	US
AW-00012758	US
AW-00012759	US
AW-00012760	Canada
AW-00012761	US
AW-00012762	US
AW-00012763	Canada
AW-00012764	US
AW-00012765	Canada
AW-00012766	US
AW-00012767	US
AW-00012768	US
AW-00012769	US
AW-00012770	US
AW-00012771	US
AW-00012772	US
AW-00012773	US
AW-00012774	US
AW-00012775	US
AW-00012776	US
AW-00012777	US
AW-00012778	US
AW-00012779	US
AW-00012780	US
AW-00012781	Canada
AW-00012782	Canada
AW-00012783	Canada
AW-00012784	US
AW-00012785	Canada
AW-00012786	US
AW-00012787	US
